variant_id,hgvs_c
cv_1,GJB1:c.164C>T
cv_2,GJB1:c.164C>T
cv_3,GJB1:c.490C>T
cv_4,GJB1:c.424C>T
cv_5,GJB1:c.565G>A
cv_6,GJB1:c.285C>T
cv_7,GJB1:c.304_306del
cv_8,GJB1:c.304_306del
cv_9,GJB1:c.285C>T
cv_10,GJB1:c.417G>A
cv_11,GJB1:c.419C>G
cv_12,GJB1:c.415G>A
cv_13,GJB1:c.417G>A
cv_14,GJB1:c.65G>A
cv_15,GJB1:c.160A>C
cv_16,GJB1:c.530T>C
cv_17,GJB1:c.65G>A
cv_18,GJB1:c.491G>A
cv_19,GJB1:c.556G>T
cv_20,GJB1:c.196G>A
cv_21,GJB1:c.397del
cv_22,GJB1:c.80T>C
cv_23,GJB1:c.396G>A
cv_24,GJB1:c.161A>G
cv_25,GJB1:c.297_298insCAA
cv_26,GJB1:c.260C>G
cv_27,GJB1:c.477G>A
cv_28,GJB1:c.278T>G
cv_29,GJB1:c.3G>T
cv_30,GJB1:c.98T>A
cv_31,GJB1:c.179G>A
cv_32,GJB1:c.425G>A
cv_33,GJB1:c.490C>T
cv_34,GJB1:c.467T>G
cv_35,GJB1:c.445T>C
cv_36,GJB1:c.283G>A
cv_37,GJB1:c.542T>C
cv_38,GJB1:c.311A>C
cv_39,GJB1:c.271G>A
cv_40,GJB1:c.223C>T
cv_41,GJB1:c.59T>G
cv_42,GJB1:c.62G>A
cv_43,GJB1:c.115G>T
cv_44,GJB1:c.425G>A
cv_45,GJB1:c.380T>C
cv_46,GJB1:c.396G>A
cv_47,GJB1:c.396G>A
cv_48,GJB1:c.44_60del
cv_49,GJB1:c.44_60del
cv_50,GJB1:c.844del
cv_51,GJB1:c.278A>T
cv_52,GJB1:c.425G>A
cv_53,GJB1:c.563C>T
cv_54,GJB1:c.103G>C
cv_55,GJB1:c.227T>C
cv_56,GJB1:c.425G>A
cv_57,GJB1:c.-170T>G
cv_58,GJB1:c.227T>G
cv_59,GJB1:c.622G>A
cv_60,GJB1:c.381C>G
cv_61,GJB1:c.391C>T
cv_62,GJB1:c.65G>A
cv_63,GJB1:c.116C>T
cv_64,GJB1:c.169C>T
cv_65,GJB1:c.64C>T
cv_66,GJB1:c.59T>C
cv_67,GJB1:c.425G>A
cv_68,GJB1:c.-17G>A